merk,price,location,buy
WIDE BUCKET HAT / BUCKET HAT PANTAI SELEBGRAM REMAJA DEWASA,Rp9.999 - Rp27.999,KAB. BANDUNG,9RB Terjual
TOPI PANEL 5 DISTRO TOPI BORDIR LABEL BRANDED TOPI PRIA WANITA CAPS FIVE PANEL BAHAM BERKUALITAS,Rp30.000,,530 Terjual
TOPI POLO CAP - TOPI PREMIUM DISTRO - TOPI PRIA,Rp23.500 - Rp25.000,KAB. BANDUNG,10RB+ Terjual
Topi Polocap Bordel Distro Metal HITAM,Rp12.299,,236 Terjual
TOPI BASEBALL Bordel Motif Kualitas PREMIUM Stylish and Trendy Korea style ( K-POP),Rp4.000 - Rp9.900,KAB. BANDUNG,"2,8RB Terjual"
COD Topi Baseball Kekinian Murah Bordir Gaya Korea Pria Wanita Reclusive,Rp14.000,KOTA SURABAYA,"1,1RB Terjual"
[FASHIONABLE] -  Topi Baseball Snapback Logo Golf Sport Fashion,Rp22.900,KOTA SURABAYA,10RB+ Terjual
TOPI DISTRO BASEBALL TOPI PRIA PANEL 5 Bordir Caps PREMIUM BRANDED THANKSINSOMNIA DICKIES,Rp19.500 - Rp32.500,KOTA BEKASI,"1,3RB Terjual"
TOPI BASEBALL BORDIR THREE LINES TRENDY STYLISH KUALITAS PREMIUM,Rp1.499 - Rp9.250,KAB. BANDUNG,10RB+ Terjual
"topi pria Polo Caps Casual Lonsdale London ,weekend offender",Rp13.320 - Rp17.200,KAB. BANDUNG,10RB+ Terjual
COD Topi Baseball Korea Pria / Wanita Casual Premium Distro Ediko,Rp19.800,KOTA SURABAYA,10RB+ Terjual
New York Yankees bisbol Topi Bordir distro Unisex fashion pria wanita kekinian premium qualitiy,Rp14.400 - Rp15.400,KOTA JAKARTA BARAT,"3,5RB Terjual"
TOPI BASEBALL POLOS HITAM MURAH TOPI PRIA TOPI WANITA TOPI GROSIR,Rp11.800,KOTA SURAKARTA (SOLO),"6,1RB Terjual"
Topi Snapback Bordir DICKES Model Lima Panel New Model/Topi Distro Pria/Topi Hip-Hop keren,Rp22.230,KOTA JAKARTA BARAT,"1,2RB Terjual"
Topi Pria Wanita Youth Baseball Challenge Reclusive Bordir Gaya Korea,Rp12.500,KAB. TANGERANG,"1,3RB Terjual"
TOPI PRIA - POLO CAPS - WO - LONSDALE - THANKSOMNIA - SKYMO,Rp11.875 - Rp14.300,KAB. BANDUNG,10RB+ Terjual
[ SIAP KIRIM ] TOPI Pria Baseball Bordir Caps Murah DISTRO BRANDED THANKSINSOMNIA Grosir Ada Bonus,Rp19.500 - Rp32.500,KOTA BEKASI,568 Terjual
PROMO Topi Bucket sablon fisherman pantai milk smiley kpop pria wanita,Rp14.999 - Rp19.999,KOTA SURABAYA,"1,7RB Terjual"
Topi Distro-Topi Aesthetic-Topi Gaul-Kaktusâ€”Smile-Challenge-Reclusive- bunga - polos - topi polo,Rp9.000 - Rp17.500,KAB. BANDUNG,"4,7RB Terjual"
[FASHIONABLE] - Jiangxihuitian Topi Baseball Polos - xx2 - Black with White Side,Rp21.700,KOTA SURABAYA,431 Terjual
Topi Baseball Motif Bunga Daisy Kecil Gaya Hip Hop Untuk Wanita / Topi Bordir Bunga,Rp9.250,KAB. BANDUNG,"3,2RB Terjual"
TRIANGLE BASEBALLCAP (TOPI) - PRIA&WANITA (BORDIR),Rp20.000,KOTA JAKARTA BARAT,"2,1RB Terjual"
[COD]Topi Snapback THANKSINSMNIA HIP-HOP New Model/Topi Lima Panel/Topi Distro Terlaris,Rp22.230,KOTA JAKARTA BARAT,"8,4RB Terjual"
Topi Baseball Bordir Kaktus Ring Besi Simple and Trendy Style Kualitas Premium,Rp1.345 - Rp9.250,KAB. BANDUNG,"3,9RB Terjual"
COD Topi Baseball Reclusive Challenge Kekinian Murah Bordir Gaya Korea Pria Wanita Distro,Rp14.000,KOTA SURABAYA,"9,6RB Terjual"
TOPI EDIKO PRIA DISTRO DEWASA SPORT COWOK KEREN BASEBALL CAP EDKIO SNAPBACK POLOS IMPORT,Rp16.225,KOTA JAKARTA SELATAN,828 Terjual
BESTPROTAGONIST-016 Topi Baseball Unisex Cap Bordir NY Casual Hat,Rp49.880,KAB. TANGERANG,"8,6RB Terjual"
Termurah Topi baseball / garis tiga / challange / reclusive / kaktus / smile / pesawat kertas / yours / brotosaurus dino / daun kecil rasta / pohon kelapa  ring premium dan pertamax pria wanita kpop korea,Rp9.000,KAB. BANDUNG,10RB+ Terjual
Topi baseball simple cap women kekinian/ topi pria wanita outdoor in fashion BORDIR Simpel topi gaya,Rp14.700,KOTA JAKARTA BARAT,675 Terjual
TOPI POLOS PRIA WANITA / TOPI BASEBALL / TOPI UNISEX,Rp8.800 - Rp9.200,KAB. KARANGANYAR,"5,6RB Terjual"
PROMO!!! Topi Pria Distro Ori Keren 2021 Logo NY Termurah bisa COD - belanja21,Rp11.500 - Rp15.000,KOTA JAKARTA SELATAN,10RB+ Terjual
Topi Baseball Motif Bunga Daisy Kecil Gaya Hip Hop Untuk Wanita / Topi Bordir Bunga / Topi Pria,Rp13.500 - Rp16.494,KAB. BANDUNG BARAT,10RB+ Terjual
( 27AN.ID ) Topi Snapback H152 baseball golf cap topi baseball,Rp17.900,KOTA JAKARTA BARAT,10RB+ Terjual
TOPI PRIA DISTRO DEWASA SPORT COWOK KEREN BASEBALL CAP EDKIO SNAPBACK POLOS IMPORT CASUAL HTG,Rp19.500 - Rp22.500,KOTA TANGERANG,10RB+ Terjual
TOPI BASEBALL BORDIR SMILE // TOPI BORDIR MURAH // TOPI PRIA WANITA/ RECLUSIVE/BORDIR SMILE,Rp13.500,KOTA SURAKARTA (SOLO),897 Terjual
TOPI Baseball Bordir Topi PRIA Caps Topi DISTRO PREMIUM BRANDED THANKINSOMNIA BLACK,Rp19.500 - Rp32.500,KOTA BEKASI,589 Terjual
Topi NY New York Topi Baseball Pria Wanita,Rp11.500 - Rp14.300,KOTA SURABAYA,10RB+ Terjual
TOPI BASEBALL BORDIR CHALLENGE / KAMIKAZE / BALENCIAGA / RECLUSIVE KOREAN STYLE KUALITAS PREMIUM,Rp1.999 - Rp9.250,,10RB+ Terjual
Otsky Topi Baseball Polocap Polo cap hat Font Legend,Rp59.900,KOTA BANDAR LAMPUNG,"1,8RB Terjual"
Topi Baseball Premium Distro|Aksesoris fashion pria&wanita|Topi bergaya cewek&Cowok Korea||Yours,Rp9.500 - Rp13.000,KOTA JAKARTA BARAT,"4,8RB Terjual"
Topi 5 Panel Distro Patagonia Thanksinsomnia Snapback HipHop Bahan Ori Rafel,Rp19.500 - Rp32.500,KOTA BEKASI,"3,6RB Terjual"
Topi Pria Wanita EDIKO Distro Korea Baseball Kekinian,Rp19.000,KAB. TANGERANG,"4,2RB Terjual"
Topi Wanita Pria Baseball Challenge Reclusive Bordir Korea Youth Smile,Rp9.999 - Rp12.500,KAB. TANGERANG,"3,6RB Terjual"
Topi Distro Champion Trendi/Topi Pria dan Wanita Masa Kini,Rp16.500,KOTA TANGERANG,"2,2RB Terjual"
Topi Baseball BORDIR DEUS - THANKSINSOMNIA Distro Terbaru / Topi Pria Dan Wanita Terlaris,Rp14.000 - Rp27.000,KOTA TANGERANG,594 Terjual
Topi Baseball Rantai Topi Baseball Topi Korea Topi Distro Pria Wanita,Rp16.000,KOTA JAKARTA SELATAN,728 Terjual
Topi Baseball Snapback NYPD Warna Usang Vintage Retro NY Jeans Sobek FLB Fashion,Rp30.000,KOTA DEPOK,852 Terjual
Topi baseball kaktus cream,Rp1.386 - Rp9.250,KAB. BANDUNG,10RB+ Terjual
TOPI NY / TOPI DISTRO / TOPI GARMEN / TOPI CASUAL / TOPI UNISEX / TOPI NEWYORK / TOPI MODIS / TOPI KARAKTER / TOPI GAUL / TOPI YOUNG,Rp15.999,KOTA JAKARTA PUSAT,"2,5RB Terjual"
TOPI BASEBALL RING BESI KOREA POLOS ANTING RANTAI KPOP UNISEX KUALITAS PREMIUM TERMURAH,Rp1.999 - Rp10.499,KAB. BANDUNG,10RB+ Terjual
[ SIAP KIRIM ] TOPI 5 PANEL DISTRO THXNSMN SNAPBACK HIPHOP BAHAN ORI RAFEL BORDIR CAPS MURAH,Rp19.500 - Rp32.500,KOTA BEKASI,"2,6RB Terjual"
Topi || Topi baseball motif garis tiga || Topi laki-laki dan perempuan,Rp14.500 - Rp24.500,,"5,5RB Terjual"
DISKON COD Topi Baseball Reclusive Challenge Kekinian Murah Bordir Gaya Korea Pria Wanita,Rp14.999 - Rp17.999,KAB. SIDOARJO,519 Terjual
(100% ORIGINAL) EDIKO Topi Baseball Golf Logo Ediko Sport Fashion - Black,Rp14.355 - Rp30.000,KOTA SURABAYA,357 Terjual
Topi Baseball Distro Topi Pria//Wanita Baseball  Murah Aneka Warna NY,Rp18.150,KOTA JAKARTA SELATAN,"9,9RB Terjual"
TOPI TRUCKER PRIA - TOPI JARING DISTRO KUALITAS PREMIUM,Rp20.000,KAB. BANDUNG,10RB+ Terjual
Topi Baseball Pria Wanita Dewasa Bordir Balenciaga Absolutely Forever Pohon Cemara Kualitas Premium Termurah,Rp1.999 - Rp9.499,KAB. BANDUNG,"4,5RB Terjual"
Topi Baseball Bordir Kaktus Bahan Cotton Drill Kualitas Premium Stylish dan Trendy,Rp1.345 - Rp9.250,KAB. BANDUNG,"6,5RB Terjual"
TOPI PRIA DISTRO KEREN POLOS BASEBALL CAP IMPORT PRIA WANITA BAHAN TEBAL HIGH QUALITY TRC,Rp28.080 - Rp28.860,KOTA TANGERANG,"3,2RB Terjual"
Topi Baseball Trucker Cap Distro Pria Wanita Korean Style Polos NY MLB LA Hitam Putih Cream Coklat,Rp9.900,KOTA JAKARTA TIMUR,964 Terjual
